{"options":{"check_for_updates":true,"user_modified":null,"comment":null,"compatopts_for_requires":true,"compat_wrappedjsobject":false,"compat_metadata":false,"compat_foreach":false,"compat_powerful_this":null,"sandbox":null,"noframes":null,"unwrap":null,"run_at":null,"run_in":null,"tags":[],"override":{"use_includes":[],"orig_includes":[],"merge_includes":true,"use_matches":[],"orig_matches":["*://*/*"],"merge_matches":true,"use_excludes":[],"orig_excludes":["*://captcha-api.yandex.ru/*","*://ya.ru/showcaptcha?","*://mil.ru/*","*wikipedia.org*","*icloud.com*","*hangouts.google.com*","*www.facebook.com/plugins/*","*www.facebook.com/v*/plugins*","*disqus.com/embed/comments*","*vk.com/widget*","*twitter.com/intent/*","*www.youtube.com/embed/*","*player.vimeo.com*","*coub.com/embed*","*staticxx.facebook.com/connect/xd_arbiter/*","*vk.com/q_frame*","*tpc.googlesyndication.com*","*syndication.twitter.com*","*platform.twitter.com*","*tutosdeath.blogspot.com*","*notifications.google.com*","*google.com/recaptcha/*","*bizmania.ru/*"],"merge_excludes":true,"use_connects":[],"orig_connects":[],"merge_connects":true,"use_blockers":[],"orig_run_at":"document-start","orig_noframes":null,"orig_run_in":[],"orig_tags":[]}},"settings":{"enabled":true,"position":2},"meta":{"name":"AdGuard Extra","uuid":"7cd5b57b-7937-432e-87c0-3ecfb61fea1f","modified":1730270264479,"file_url":"https://userscripts.adtidy.org/release/adguard-extra/1.0/adguard-extra.user.js"}}