{"options":{"check_for_updates":true,"user_modified":null,"comment":null,"compatopts_for_requires":true,"compat_wrappedjsobject":false,"compat_metadata":false,"compat_foreach":false,"compat_powerful_this":null,"sandbox":null,"noframes":null,"unwrap":null,"run_at":null,"run_in":null,"tags":[],"override":{"use_includes":[],"orig_includes":[],"merge_includes":true,"use_matches":[],"orig_matches":["*://*/*"],"merge_matches":true,"use_excludes":[],"orig_excludes":[],"merge_excludes":true,"use_connects":[],"orig_connects":[],"merge_connects":true,"use_blockers":[],"orig_run_at":"document-idle","orig_noframes":null,"orig_run_in":[],"orig_tags":[]}},"settings":{"enabled":false,"position":7},"meta":{"name":"Debrid Media Manager","uuid":"89d82f69-9b31-4f9d-a362-e50bb2558789","modified":1729570386850,"file_url":"https://update.greasyfork.org/scripts/463268/Debrid%20Media%20Manager.user.js"}}