{"options":{"check_for_updates":true,"user_modified":null,"comment":null,"compatopts_for_requires":true,"compat_wrappedjsobject":false,"compat_metadata":false,"compat_foreach":false,"compat_powerful_this":null,"sandbox":null,"noframes":null,"unwrap":null,"run_at":null,"tab_types":null,"override":{"use_includes":[],"orig_includes":[],"merge_includes":true,"use_matches":[],"orig_matches":["*://rentry.co/*","*://rentry.org/*","*://pastes.fmhy.net/*","*://bin.disroot.org/?*#*","*://privatebin.net/?*#*","*://textbin.xyz/?*#*","*://bin.idrix.fr/?*#*","*://privatebin.rinuploads.org/?*#*"],"merge_matches":true,"use_excludes":[],"orig_excludes":[],"merge_excludes":true,"use_connects":[],"orig_connects":[],"merge_connects":true,"use_blockers":[],"orig_run_at":"document-idle","orig_noframes":null}},"settings":{"enabled":true,"position":5},"meta":{"name":"FMHY Base64 Auto Decoder","uuid":"90a06856-d1c0-4bda-a5a6-b673acc3307f","modified":1722243370806,"file_url":"https://update.greasyfork.org/scripts/485772/FMHY%20Base64%20Auto%20Decoder.user.js"}}