{"options":{"check_for_updates":true,"user_modified":null,"comment":null,"compatopts_for_requires":true,"compat_wrappedjsobject":false,"compat_metadata":false,"compat_foreach":false,"compat_powerful_this":null,"sandbox":"DOM","noframes":null,"unwrap":null,"run_at":null,"tab_types":null,"override":{"use_includes":[],"orig_includes":[],"merge_includes":true,"use_matches":[],"orig_matches":["*://greasyfork.org/*","*://sleazyfork.org/*"],"merge_matches":true,"use_excludes":[],"orig_excludes":[],"merge_excludes":true,"use_connects":[],"orig_connects":["greasyfork.org"],"merge_connects":true,"use_blockers":[],"orig_run_at":"document-start","orig_noframes":null,"orig_run_in":[]},"run_in":null,"tags":[]},"settings":{"enabled":true,"position":6},"meta":{"name":"Greasy Fork++","uuid":"3782878f-7223-4eb4-80e2-ba2e63c7f8c1","modified":1728912964934,"file_url":"https://update.greasyfork.org/scripts/473830/Greasy%20Fork%2B%2B.user.js"}}