{"options":{"check_for_updates":true,"user_modified":null,"comment":null,"compatopts_for_requires":true,"compat_wrappedjsobject":false,"compat_metadata":false,"compat_foreach":false,"compat_powerful_this":null,"sandbox":null,"noframes":null,"unwrap":null,"run_at":null,"tab_types":null,"override":{"use_includes":[],"orig_includes":[],"merge_includes":true,"use_matches":[],"orig_matches":["https://scribe.rip/*","https://scribe.bus-hit.me/*","https://scribe.nixnet.services/*","https://scribe.citizen4.eu/*"],"merge_matches":true,"use_excludes":[],"orig_excludes":[],"merge_excludes":true,"use_connects":[],"orig_connects":[],"merge_connects":true,"use_blockers":[],"orig_run_at":"document-idle","orig_noframes":null,"orig_run_in":[]},"run_in":null,"tags":[]},"settings":{"enabled":true,"position":3},"meta":{"name":"scribe.rip Fixer","uuid":"5c6f4fe1-dd8d-4fd8-a420-964557c5581e","modified":1721979584063,"file_url":"https://raw.githubusercontent.com/fynks/userscripts/main/scribe/scribe-rip-fixer.user.js"}}